pair name,distance,input1,input2,renamed input 1,renamed input 2,bestPerm,bestSubset,bijection,computing time
Bradamante_1,53,AABABABABABABABAB,ABABABABABABABABCDCDEFGFGFGFGFGFEFEEAEAEAEAEECACECACAHFHFHFGFGEAFACA,AABABABABABABABAB,ABABABABABABABABCDCDEFGFGFGFGFGFEFEEAEAEAEAEECACECACAHFHFHFGFGEAFACA,"[0, 1]","(0, 1)","[(0, 0), (1, 1)]",0.001995086669921875
Bradamante_2,144,ABABABABABABABABABABABBABABABABABABABABABCACACACACACACACACACACACACACACACACACACACACACACACACACACDACADADACABEBEBEBEBEBEBEBEBEBEBEBEBEBEBEBEBEBEBEBEBEBEBEB,ABABABCDEDEDEDEFEFEFEGEGEGEHCDCHIHCGJHIBHCICHCDGBEIGBECHEGBHC,CACACACACACACACACACACAACACACACACACACACACABCBCBCBCBCBCBCBCBCBCBCBCBCBCBCBCBCBCBCBCBCBCBCBCBCBCBDCBCDCDCBCAEAEAEAEAEAEAEAEAEAEAEAEAEAEAEAEAEAEAEAEAEAEAEA,FGFGFGABCBCBCBCHCHCHCDCDCDCEABAEIEADJEIGEAIAEABDGCIDGCAECDGEA,"[1, 2, 0, 3, 4]","(2, 3, 4, 6, 7)","[(1, 2), (2, 3), (0, 4), (3, 6), (4, 7)]",0.948493242263794
Bradamante_3,32,ABABABABABABABABABABCADCDCDCECECECECECBC,ABABCBCBCBACACBDEFGBABGCGFEAFGBGBGFBEBFG,ABABABABABABABABABABEACECECEDEDEDEDEDEBE,ABABCBCBCBACACBFGDEBABECEDGADEBEBEDBGBDE,"[0, 1, 3, 4, 2]","(0, 1, 2, 5, 6)","[(0, 0), (1, 1), (3, 2), (4, 5), (2, 6)]",0.049867868423461914
Bradamante_4,107,ABACACACACACACACACACACACACACAC,ABABABACBABABABCBABABCBDEFEFEFGEGEGEGEGEGEGEGEGEGEGEFGEGEGFGHIHIBHIBICHBIGJGCBCIBCGJIGCGHJGIGIBGIGBIGBGBHIHHKHKHKHKHKHKHKHKHKHKHKHKHKHKHK,ABACACACACACACACACACACACACACAC,DEDEDEDFEDEDEDEFEDEDEFEGABABABCACACACACACACACACACACABCACACBCHIHIEHIEIFHEICJCFEFIEFCJICFCHJCICIECICEICECEHIHHKHKHKHKHKHKHKHKHKHKHKHKHKHKHK,"[0, 1, 2]","(4, 5, 6)","[(0, 4), (1, 5), (2, 6)]",0.060871124267578125
Bradamante_5,,ABABABABACDCDEFEFEFEFGEADAFHABDADADFCBCBAGIJIJIJIJIJIJIJIJIJIJIJIJIJIJIJIJIJIJIJIJIJKDFDBFBJGDADA,ABCBCBABABABDADBDCDCDCEFEABEADAEFEFGAGAEGEGAFBDAEGACHDHAHEHEHAFDBEHAD,,,,,,TIMEOUT
ClorindeMelite_1,62,ABABABABABABABABABABACBCACACACACACABACBCBCBABCACABABABABABABDEDEDEDEDEDEDEDEDEDEBDBEBEBEBEBEBEBDBEBEBEDEDED,ABABABABABABCBCBCBCBCBCBCBCBCBCBCBCBCBCDCDCDCDCDCECEDEDEDEDED,BCBCBCBCBCBCBCBCBCBCBACABABABABABABCBACACACBCABABCBCBCBCBCBCEDEDEDEDEDEDEDEDEDEDCECDCDCDCDCDCDCECDCDCDEDEDE,ABABABABABABCBCBCBCBCBCBCBCBCBCBCBCBCBCDCDCDCDCDCECEDEDEDEDED,"[2, 0, 1, 4, 3]","(0, 1, 2, 3, 4)","[(2, 0), (0, 1), (1, 2), (4, 3), (3, 4)]",0.008974790573120117
ClorindeMelite_2,61,ABCAACACDCDCDCDCDCDCDCDCDCDCDCDCDCDCDCDEDEDEDEDEDEDBEBABAADADADADADADA,AABABABABABABABABABACDCDCDCDCDCDCDCDCDCDCDCDCDCDCDCDCDAEAEAEAEFEFEFEAFAFAFAFAFAFAFAFAFAFEACACBCACBCBCBCBCBCBCBCBCBC,BADBBDBDCDCDCDCDCDCDCDCDCDCDCDCDCDCDCDCECECECECECECAEABABBCBCBCBCBCBCB,AABABABABABABABABABACDCDCDCDCDCDCDCDCDCDCDCDCDCDCDCDCDAEAEAEAEFEFEFEAFAFAFAFAFAFAFAFAFAFEACACBCACBCBCBCBCBCBCBCBCBC,"[1, 0, 3, 2, 4]","(0, 1, 2, 3, 4)","[(1, 0), (0, 1), (3, 2), (2, 3), (4, 4)]",0.04188966751098633
ClorindeMelite_3,47,ABABABABABABABABABABABABABABABABABABAABABABABAABABABABCBCBCBCBCCACACACACACAC,ABABABACACACACACACACACACACADCADADCDCDCDACBBECECECEACEAEACFGFGFGFGAGAGAGAGAGCGCFCG,ABABABABABABABABABABABABABABABABABABAABABABABAABABABABCBCBCBCBCCACACACACACAC,ADADADABABABABABABABABABABAEBAEAEBEBEBEABDDFBFBFBFABFAFABGCGCGCGCACACACACACBCBGBC,"[0, 1, 2]","(0, 2, 6)","[(0, 0), (1, 2), (2, 6)]",0.007977724075317383
ClorindeMelite_4,55,ABABABABABCBCBCBCDCDCDCDCBEBBCBCBECECEBCEEECBECBECECECECBCBECBFFGFFFEFEFEGFGFG,ABABABABABABABABABABABABABABABCBCBCBCBCBCBCBCBCBCBCBCBCDBDBCEFCADECGEGEGEGEGEGEGHGHGHGDCDCD,EAEAEAEAEABABABABDBDBDBDBACAABABACBCBCABCCCBACBACBCBCBCBABACBAFFGFFFCFCFCGFGFG,ABABABABABABABABABABABABABABABCBCBCBCBCBCBCBCBCBCBCBCBCDBDBCEHCADECFEFEFEFEFEFEFGFGFGFDCDCD,"[1, 2, 4, 3, 0, 5, 6]","(0, 1, 2, 3, 4, 6, 7)","[(1, 0), (2, 1), (4, 2), (3, 3), (0, 4), (5, 6), (6, 7)]",2.2529757022857666
ClorindeMelite_5,67,ABABABCABABCBCBCBCBCBCBCBDEDEDEDEDEDEDEDFGFGFGFDFDGDFDGDGDGDGDGDGDGDFBCGFCGCHCFDFDFCDFDGFCDFB,ABACACACDAEDADABDADADABFDFBAFAFAGHGBGHDCGCGA,CACACADCACADADADADADADADABEBEBEBEBEBEBEBGFGFGFGBGBFBGBFBFBFBFBFBFBFBGADFGDFDHDGBGBGDBGBFGDBGA,ABACACACDAEDADABDADADABFDFBAFAFAGHGBGHDCGCGA,"[1, 3, 0, 2, 4, 6, 5, 7]","(0, 1, 2, 3, 4, 5, 6, 7)","[(1, 0), (3, 1), (0, 2), (2, 3), (4, 4), (6, 5), (5, 6), (7, 7)]",2.779568672180176
Diane Fils Supposé_1,21,ABCBCBCBCBCBCBCBCBCBCBCDCBCBDCDCDCDEDEDEDEFEFEFEFEFEFEF,ABABABABABABABABABABABACACDADAEFEFEFEFEGEFEFEHGFGFGF,CBABABABABABABABABABABADABABDADADADEDEDEDEFEFEFEFEFEFEF,ABABABABABABABABABABABACACGAGADEDEDEDEDFDEDEDHFEFEFE,"[2, 1, 0, 3, 4, 5]","(0, 1, 2, 4, 5, 6)","[(2, 0), (1, 1), (0, 2), (3, 4), (4, 5), (5, 6)]",0.6073722839355469
Diane Fils Supposé_2,12,ABABABABABABABCDCDCDCDCEFEFEFE,ABABABABACABABADDEDEDEDEDFDGDGDGDG,ABABABABABABABCDCDCDCDCEFEFEFE,ABABABABAGABABACCDCDCDCDCECFCFCFCF,"[0, 1, 2, 3, 4, 5]","(0, 1, 3, 4, 5, 6)","[(0, 0), (1, 1), (2, 3), (3, 4), (4, 5), (5, 6)]",0.11366009712219238
Diane Fils Supposé_3,,ABABABABABABABCBCBCBCBCBCBCBCBCDEFGHIHIHDHIDIDID,ABABACDCECECEDEFCGCGCGCGECGEHEHFHEFHEFEFHGHGCF,,,,,,TIMEOUT
Diane Fils Supposé_4,41,AABABABABABABCDCDEDCFBGBGBGBGGCGCGCGCGCGCGCGCGCGCFCFCFEFECFCF,ABABABABACDCDCDCEFGDFDFDFDFDGDHIHIHICDCGFDGCDFCFCFCFCFCFCFCFCFCFCGCF,AABABABABABABCDCDGDCEBFBFBFBFFCFCFCFCFCFCFCFCFCFCECECEGEGCECE,ABABABABACDCDCDCEFGDFDFDFDFDGDHIHIHICDCGFDGCDFCFCFCFCFCFCFCFCFCFCGCF,"[0, 1, 2, 3, 5, 6, 4]","(0, 1, 2, 3, 4, 5, 6)","[(0, 0), (1, 1), (2, 2), (3, 3), (5, 4), (6, 5), (4, 6)]",6.255232334136963
Diane Fils Supposé_5,,AABABBCBCBCBCDADADADDEDEDEDEEFDFDGAHGHGFDHGGHEHFHECIFEAJHKEKHGKGDEFEBIBBCGHAFADJIHIHA,ABABACACABADEDEDEDEDEDEFGHIDFEFEFDEFEFEFEFEFEFEFEFEDGHIDEAFIGDEFADADEICEFIEGDGBDEFAEDHAIBGBG,,,,,,TIMEOUT
Didon_1,16,ABCBACBADE,ABABACABCABADEDEDEDEDEDEDF,BACABCABDE,ABABACABCABADEDEDEDEDEDEDF,"[1, 0, 2, 3, 4]","(0, 1, 2, 3, 4)","[(1, 0), (0, 1), (2, 2), (3, 3), (4, 4)]",0.019945144653320312
Didon_2,31,ABACADCDADBDBDBDBDBDBDBDBDBDBDBDBDBDBDBA,ABABCDCDCDCDCDCDCDCDCEFGFGFGFGFDGFH,ACABADBDADCDCDCDCDCDCDCDCDCDCDCDCDCDCDCA,ABABCDCDCDCDCDCDCDCDCEFGFGFGFGFDGFH,"[0, 2, 1, 3]","(0, 1, 2, 3)","[(0, 0), (2, 1), (1, 2), (3, 3)]",0.028922080993652344
Didon_3,18,ABABACBCDCDCDCDCDCDCDCDCDCDCDCE,ABABABABABABABABABABACABABADCBEBFAGAH,CDCDCADABABABABABABABABABABABAE,ABABABABABABABABABABACABABADCBEBFAGAH,"[2, 3, 0, 1, 4]","(0, 1, 2, 3, 4)","[(2, 0), (3, 1), (0, 2), (1, 3), (4, 4)]",0.12865591049194336
Didon_4,32,ABABABABCACD,ABCBCDBDBDBDBDBDBDBDBDBDBDBDBDBDEDEDEDEDEDEF,BABABABACBCD,EAFAFBABABABABABABABABABABABABABCBCBCBCBCBCD,"[1, 0, 2, 3]","(1, 3, 4, 5)","[(1, 1), (0, 3), (2, 4), (3, 5)]",0.011965513229370117
Didon_5,13,ABACBCBCBCBCBCB,ABACDADABDBDBDBDBCDCBCDCBDCE,ABACBCBCBCBCBCB,ABADCACABCBCBCBCBDCDBDCDBCDE,"[0, 1, 2]","(0, 1, 3)","[(0, 0), (1, 1), (2, 3)]",0.0009949207305908203
Felismene_1,65,AAAAAAAAAAAAAAAAAAAAAAAABABABABABABABAABABABABABABABABABABCBCBCBCBCBCBCABABABAABABA,ABABABABABABACACADCDCDCDCDCDCDCDCDCD,AAAAAAAAAAAAAAAAAAAAAAAABABABABABABABAABABABABABABABABABABCBCBCBCBCBCBCABABABAABABA,ADADADADADADABABACBCBCBCBCBCBCBCBCBC,"[0, 1, 2]","(0, 2, 3)","[(0, 0), (1, 2), (2, 3)]",0.0
Felismene_2,64,ABCBCBCBCBCBCACACACACACACACACADEDEDEDEDBEBEBEBEBEBEBEDE,ABABABABABABABCCCDCDCDCDCABABABABABABABABABABABABABABABABABCBCACABAEABFAFABFAFAFBAFEC,DABABABABABABDBDBDBDBDBDBDBDBDCECECECECAEAEAEAEAEAEAECE,ABABABABABABABCCCDCDCDCDCABABABABABABABABABABABABABABABABABCBCACABAFABEAEABEAEAEBAEFC,"[1, 2, 3, 0, 4]","(0, 1, 2, 3, 5)","[(1, 0), (2, 1), (3, 2), (0, 3), (4, 5)]",0.04889678955078125
Felismene_3,55,ABABABABABABABABABABABABABABABABABABACACACACACACACACACACACACACACAC,ABABABABABABABABABABACACACACACACACACACACACADDADADADADADADADADADADADACECECECECECECECEFEFEFEFEFEFEFEF,ABABABABABABABABABABABABABABABABABABACACACACACACACACACACACACACACAC,ABABABABABABABABABABADADADADADADADADADADADACCACACACACACACACACACACACADEDEDEDEDEDEDEDEFEFEFEFEFEFEFEF,"[0, 1, 2]","(0, 1, 3)","[(0, 0), (1, 1), (2, 3)]",0.004990816116333008
Felismene_4,55,ABABABABABABCBCBCBCBCBCBCBCBCBCBCBCBDCDCDABABABABABABABABAEBAEAEAEABABAB,ABABCDCABABCABCBCBCBCBCBDCBCBDBDCBCBDBEBEBEBEBEBEBAFAFAFAFAFAFAFAFAFAFFBFBFBFBFBFBFBFBFBGBB,ABABABABABABCBCBCBCBCBCBCBCBCBCBCBCBDCDCDABABABABABABABABAEBAEAEAEABABAB,ABABCFCABABCABCBCBCBCBCBFCBCBFBFCBCBFBDBDBDBDBDBDBAEAEAEAEAEAEAEAEAEAEEBEBEBEBEBEBEBEBEBGBB,"[0, 1, 2, 3, 4]","(0, 1, 2, 4, 5)","[(0, 0), (1, 1), (2, 2), (3, 4), (4, 5)]",0.11266541481018066
Felismene_5,,ABCABADEFGHEHEHFDGFGFDIABDJDADADICDIDIDIDIDIDIDIDIDIJI,ABABABABABCBCBCBCBCBCBCDEFDEDEDFDCECDCDCDCDCDCDCDCDCDCDBCBDBDBDBDCBCBCDBGAGAGAGAGAGAGAGADHDGBGBCDGDGDHBGBGDAGAHDCHIACIDH,,,,,,TIMEOUT
Mariane_1,27,ABACACACACACACADADCADCDADADACADACACDACADADADADADCA,ABABABABABCCBCBCBCBCCDCDCBC,BDBABABABABABABCBCABCACBCBCBABCBABACBABCBCBCBCBCAB,ABABABABABCCBCBCBCBCCDCDCBC,"[2, 0, 3, 1]","(0, 1, 2, 3)","[(2, 0), (0, 1), (3, 2), (1, 3)]",0.0020308494567871094
Mariane_2,79,ABABABACACDCDCACBEBFGFGFBFEFFCFAF,ABABABABABABABABABABACACACACACACACACACACACACACACACACACACACACDCDCDCDCDECECECECECECECFECEDECEGHCHECE,ABABABACACGCGCACBDBEFEFEBEDEECEAE,ABABABABABABABABABABACACACACACACACACACACACACACACACACACACACACDCDCDCDCDECECECECECECECFECEDECEGHCHECE,"[0, 1, 2, 4, 5, 6, 3]","(0, 1, 2, 3, 4, 5, 6)","[(0, 0), (1, 1), (2, 2), (4, 3), (5, 4), (6, 5), (3, 6)]",1.7832634449005127
Mariane_3,53,ABABABABCDCECEFCDEDEC,AABABABACACBCBABABADEFGABABABABABABABAHABABABAAIAIAIAIAIAIAHAAJA,CBCBCBCBADAEAEFADEDEA,AABABABACACBCBABABADGHIABABABABABABABAJABABABAAEAEAEAEAEAEAJAAFA,"[2, 1, 0, 3, 4, 5]","(0, 1, 2, 3, 8, 9)","[(2, 0), (1, 1), (0, 2), (3, 3), (4, 8), (5, 9)]",4.438094615936279
Mariane_4,28,ABACABCAADBDABDBDBDBDEBAFADBDB,ABCABABACBCACBCBADEDEDFGFHDHDFDHDHIF,ACABACBAADCDACDCDCDCDFCAEADCDC,ABGABABAGBGAGBGBACDCDCEHEFCFCECFCFIE,"[0, 2, 1, 3, 5, 4]","(0, 1, 3, 4, 5, 7)","[(0, 0), (2, 1), (1, 3), (3, 4), (5, 5), (4, 7)]",1.3693060874938965
Porcie_1,19,ABABACACACACAADADADADA,ABACACACACACACACDCDCDCAEAFAFAFAFAFFGFGF,ABABACACACACAADADADADA,ABACACACACACACACECECECAFADADADADADDGDGD,"[0, 1, 2, 3]","(0, 1, 2, 5)","[(0, 0), (1, 1), (2, 2), (3, 5)]",0.01698899269104004
Porcie_2,17,ABABABAACACACDCDCCECEC,ABCDAAEFAGHIJGKLKLK,ABABABAADADADCDCDDEDED,ABFGAAHIACJKLCDEDED,"[0, 1, 3, 2, 4]","(0, 1, 6, 10, 11)","[(0, 0), (1, 1), (3, 6), (2, 10), (4, 11)]",1.2137482166290283
Porcie_3,27,ABABACACABAADBDBDEDEDEDEDEDED,ABABABCDABAEFEBEBEBEBEACACACADACACDBEBFEFE,BDBDBEBEBDBBADADACACACACACACA,ABABABCFABADEDBDBDBDBDACACACAFACACFBDBEDED,"[3, 0, 4, 1, 2]","(0, 1, 2, 4, 5)","[(3, 0), (0, 1), (4, 2), (1, 4), (2, 5)]",0.01598072052001953
Porcie_4,23,ABABABCBCBCBCBDBDBDBDBDBDEDBDB,ABABABCACBCABDABDABDABEFEFEFEFEFEFE,ABABABCBCBCBCBDBDBDBDBDBDEDBDB,ABABABCACBCABFABFABFABDEDEDEDEDEDED,"[0, 1, 2, 3, 4]","(0, 1, 2, 4, 5)","[(0, 0), (1, 1), (2, 2), (3, 4), (4, 5)]",0.01496267318725586
Porcie_5,32,ABACACACACACAADEAEAEABABABA,ABACDCDCDCDEFAGAHABABABABGHCICEFEFEJFJEFE,ABACACACACACAADEAEAEABABABA,ABACDCDCDCDEFAGAHABABABABGHCICEFEFEJFJEFE,"[0, 1, 2, 3, 4]","(0, 1, 2, 3, 4)","[(0, 0), (1, 1), (2, 2), (3, 3), (4, 4)]",0.5973989963531494
Rodogune_1,43,ABACABACABABABABCBCABCBAADACADABADCBACDA,ABACBCDCDCDCDCDCDCDCDCDCDCDCDCDCDABABABEAEAEAEAEAEAEAEAEA,ABACABACABABABABCBCABCBAADACADABADCBACDA,AEABEBCBCBCBCBCBCBCBCBCBCBCBCBCBCAEAEAEDADADADADADADADADA,"[0, 1, 2, 3]","(0, 2, 3, 4)","[(0, 0), (1, 2), (2, 3), (3, 4)]",0.004022121429443359
Rodogune_2,42,AABABABABABAACDADADCDCDCDC,AABABABABABABABABABABABABABABAACADACADADCDCDCDCDCDCDCDCDCDCDCDCDCDCD,AABABABABABAACDADADCDCDCDC,AABABABABABABABABABABABABABABAACADACADADCDCDCDCDCDCDCDCDCDCDCDCDCDCD,"[0, 1, 2, 3]","(0, 1, 2, 3)","[(0, 0), (1, 1), (2, 2), (3, 3)]",0.0010004043579101562
Rodogune_3,26,ABABAACADADACACDAADADADADADADADADAACACACACACAC,ABABAACACADAEAEDADAEAEADADEDEDEDEDEDEDED,DBDBDDCDADADCDCADDADADADADADADADADDCDCDCDCDCDC,ABABAAEAEACADADCACADADACACDCDCDCDCDCDCDC,"[3, 1, 2, 0]","(0, 1, 3, 4)","[(3, 0), (1, 1), (2, 3), (0, 4)]",0.003022909164428711
Rodogune_4,45,ABABABABABABABABCBCBCBCBCBCBCBCBCBCBCBCBCBDCDCCCECECECECECECECECECECEC,ABABABABABABABABCACBCABABCBACBACBCABABABABABDEDEDEDEDED,ABABABABABABABABCBCBCBCBCBCBCBCBCBCBCBCBCBDCDCCCECECECECECECECECECECEC,ABABABABABABABABCACBCABABCBACBACBCABABABABABDEDEDEDEDED,"[0, 1, 2, 3, 4]","(0, 1, 2, 3, 4)","[(0, 0), (1, 1), (2, 2), (3, 3), (4, 4)]",0.007941484451293945
Rodogune_5,34,AABABABABABABACACACACACDCDADADADADCACDADAAEADCEADCEACAE,AABACADAEADADADFAFDFDFDFDFAFAFADFDACDFDCFDADACDCDCACADCDADAED,AABABABABABABADADADADADEDEAEAEAEAEDADEAEAACAEDCAEDCADAC,AABACADAFADADADEAEDEDEDEDEAEAEADEDACDEDCEDADACDCDCACADCDADAFD,"[0, 1, 4, 2, 3]","(0, 1, 2, 3, 5)","[(0, 0), (1, 1), (4, 2), (2, 3), (3, 5)]",0.02393507957458496
Illusion comique comédie comédiens_1,26,A,ABABABABAACBCBCBCBCBACCBCBC,A,ABABABABAACBCBCBCBCBACCBCBC,[0],"(0,)","[(0, 0)]",0.0010309219360351562
Illusion comique comédie comédiens_2,,ABCBDEFGHIAICAJKJKAJAJAJAJAJAJA,ABACDCDCDCDCDCDCDCDCDCDCDCDCDCEFEFEFEFEFEFEFEFDFDFDFDFDCDFDGDGDGDCFCDFCFCFCFCFCFECECECECECECEHEHEHEHEHEHEHEHEHEHEHABABA,,,,,,TIMEOUT
Illusion comique comédie comédiens_3,,ABABACADAEAFAGHIGJKHJGHIGJIHJGHIGJIHJAFAFADABAF,ABABABABAACDCACACACACACACACDCDCDCDEDEDEDEDEDEDEDEDECBDBDBCBDCDCDCDCDCDCDCDCDCDBCBDCBDFCDADAGHGH,,,,,,TIMEOUT
La Belle Egyptienne_1,101,ABABABACABACACACACACABCABABACACBACACBABABCD,ABABABABABABABABABABABABABABABABABABABABCABACACACACBAACACACACACACACACACBABADBADBABADABABABADADABADADBDBDBDABDBADBADBADBADADADADBDABABADBABAB,ABABABADABADADADADADABDABABADADBADADBABABDC,ABABABABABABABABABABABABABABABABABABABABCABACACACACBAACACACACACACACACACBABADBADBABADABABABADADABADADBDBDBDABDBADBADBADBADADADADBDABABADBABAB,"[0, 1, 3, 2]","(0, 1, 2, 3)","[(0, 0), (1, 1), (3, 2), (2, 3)]",0.0020275115966796875
La Belle Egyptienne_2,68,ABCBDADADBABABABABABABDCADABABABBCBEDEDEDEDEDEDEDEDEDEDEDEDEDEDEDEDEDEDEDEDEDE,ABABCABACBABDEDEDEDEDFGFGFGFGFGHDADHDIHJAJAJAJAJAJAJ,BCDCABABACBCBCBCBCBCBCADBABCBCBCCDCEAEAEAEAEAEAEAEAEAEAEAEAEAEAEAEAEAEAEAEAEAE,ABABFABAFBABCGCGCGCGCHIHIHIHIHIDCACDCJDEAEAEAEAEAEAE,"[3, 0, 1, 2, 4]","(0, 1, 3, 7, 9)","[(3, 0), (0, 1), (1, 3), (2, 7), (4, 9)]",0.7619926929473877
La Belle Egyptienne_3,33,ABABABABABABABACDBECDCACACAECDAEACECDEDECECEDDEDEDEDEDEDEDEDEDEDEDEDEDEDEDEDEEEAEAEAEAEAEAEAEAEAEAEAEAEAEAEAEAEAE,ABCABACABACABDEFEBEAEAEFAEAEDEFDFDFDFDFDFDFDFDFDFDFDFDFDFDFDFDFDFDFDADADADADADADADADADADADAD,ABABABABABABABADEBCDEDADADACDEACADCDECECDCDCEECECECECECECECECECECECECECECECECCCACACACACACACACACACACACACACACACACAC,ABFABAFABAFABCDEDBDADADEADADCDECECECECECECECECECECECECECECECECECECECACACACACACACACACACACACAC,"[0, 1, 4, 2, 3]","(0, 1, 3, 4, 5)","[(0, 0), (1, 1), (4, 3), (2, 4), (3, 5)]",0.059807538986206055
La Belle Egyptienne_4,,ABCBCBCBCBCBCACACACACACACACDEFGAGHIAJCDGKFCDACACGAGACDACACACDAGCIDCIHG,ABABABABAABABACBABCBCAACACACACACACACACACACACACACBABABABABABABABABABCDCDCDCEBAEBAFDFDABEDCACACACABABDCDFCABCACACACBACACDACAGBADADACDCDBDCD,,,,,,TIMEOUT
La Belle Egyptienne_5,,ABCBDBDBDBDBDBDBDBDBDBDBDBDBDEFGFGFGBDBDBEDBDBDBCBCBCBCDCDCBCDCFCFCFCFCFCFCDFC,ABABABABABCBCBABCADADADADADADACACACACACACACADADADADACDADCADACACADADACACACDCACAABABABCBDCABABCBDBABCBACBCBCBEBEBCBEBEBEBAEBCEBACEBEAECECECECDEDCDBEAEBFBGBFHI,,,,,,TIMEOUT
